Model,Train Accuracy,Train Recall,Train Precision,Train F1 Score,Test Accuracy,Test Recall,Test Precision,Test F1 Score
Decision Tree,0.9996902106567535,0.9989626556016598,1.0,0.9994810586403736,0.8027456647398844,0.711864406779661,0.65625,0.6829268292682927
Pruned Decision Tree,0.8705080545229245,0.7033195020746889,0.837037037037037,0.7643742953776775,0.8663294797687862,0.7046004842615012,0.8220338983050848,0.758800521512386
Random Forest,0.9996902106567535,1.0,0.9989637305699481,0.9994815966822188,0.8482658959537572,0.7046004842615012,0.7678100263852242,0.7348484848484849
Tuned Random Forest,0.9237918215613383,0.8226141078838174,0.913594470046083,0.8657205240174672,0.8583815028901735,0.7142857142857143,0.7908847184986595,0.7506361323155216
